Size,Time
100,1.5494520664215088
200,1.6946344375610352
300,1.7564101219177246
400,1.7574176788330078
500,1.860395908355713
