Size,Time
100,5.797168016433716
200,6.511180639266968
300,9.904654741287231
400,29.97899603843689
500,31.003023147583008

