Size,Time
100,4.046436786651611
200,23.620922327041626
300,77.02558135986328
400,196.8149390220642
500,445.04565024375916