Size,Time
100,0.23125481605529785
200,0.25139379501342773
300,0.2549564838409424
400,0.24030685424804688
500,0.2581355571746826
