Size,Time
100,0.0006270408630371094
200,0.008361577987670898
300,0.0019426345825195312
400,0.006688356399536133
500,0.016057729721069336
